<?xml version="1.0" encoding="UTF-8"?>
<!DOCTYPE suite SYSTEM "http://testng.org/testng-1.0.dtd">
<suite name="NedBank Manual Transactions" thread-count="3" >
  <test name="1">
  <parameter name="host" value="1" />
    <classes>
       <class name="com.g4s.nedbank.CashOpsManualTransactions01">
       </class>
    </classes>
  </test>
  <test name="2">
  <parameter name="host" value="1" />
    <classes>
       <class name="com.g4s.nedbank.CashOpsManualTransactions03">
       </class>
    </classes>
  </test>
  
 </suite>